{"cameraMode":{"drawMode":0,"name":"Shaded","section":"Shading Mode"},"sceneLighting":true,"audioPlay":false,"sceneViewState":{"m_AlwaysRefresh":false,"showFog":true,"showSkybox":true,"showFlares":true,"showImageEffects":true,"showParticleSystems":true,"showVisualEffectGraphs":true,"m_FxEnabled":true},"in2DMode":false,"pivot":{"x":1.9832793474197388,"y":0.7455070614814758,"z":-1.2179793119430543},"rotation":{"x":0.06547294557094574,"y":0.8475973010063171,"z":-0.1076144203543663,"w":0.515355110168457},"size":0.3451163172721863,"orthographic":false}